{"Precision": [0.6997092962265015, 0.7638415098190308, 0.8093892335891724, 0.8610481023788452, 0.9037182331085205, 0.9243873357772827, 0.9476873874664307, 0.9567496180534363, 0.9603006839752197, 0.967566728591919, 0.9651783108711243, 0.9702751040458679, 0.9736745357513428, 0.9735427498817444], "Recall": [0.37863773107528687, 0.5751140713691711, 0.6906821727752686, 0.7960777878761292, 0.8691731095314026, 0.9019453525543213, 0.9347176551818848, 0.9476692080497742, 0.9512872695922852, 0.9620366096496582, 0.9577893018722534, 0.9653400182723999, 0.9696922302246094, 0.968591034412384], "accuracy": [0.5450684428215027, 0.6769440770149231, 0.7523465156555176, 0.8297414779663086, 0.886529266834259, 0.9128519892692566, 0.9415342807769775, 0.9512872695922852, 0.9553772807121277, 0.9646059274673462, 0.9614598155021667, 0.9677520990371704, 0.9718945026397705, 0.970531165599823], "loss": [1.2037498950958252, 0.873507559299469, 0.6618296504020691, 0.4643833637237549, 0.3145207166671753, 0.2401382029056549, 0.16484907269477844, 0.13707108795642853, 0.12373749911785126, 0.10613710433244705, 0.10848857462406158, 0.09431003034114838, 0.08494150638580322, 0.08036500960588455], "val_Precision": [0.5735483765602112, 0.6960326433181763, 0.7009609937667847, 0.6664898991584778, 0.6500754356384277, 0.6554999947547913, 0.6391752362251282, 0.6456192135810852, 0.6501714587211609, 0.6412025690078735, 0.6568771600723267, 0.608207106590271, 0.6392961740493774, 0.6254245638847351], "val_Recall": [0.4193396270275116, 0.5627358555793762, 0.5849056839942932, 0.5929245352745056, 0.6099056601524353, 0.6183962225914001, 0.6141509413719177, 0.6221697926521301, 0.6259434223175049, 0.6136792302131653, 0.6330188512802124, 0.5872641801834106, 0.6169811487197876, 0.6080188751220703], "val_accuracy": [0.5066037774085999, 0.6311320662498474, 0.6400943398475647, 0.6316037774085999, 0.6330188512802124, 0.6334905624389648, 0.6273584961891174, 0.6297169923782349, 0.6358490586280823, 0.623113214969635, 0.6424528360366821, 0.6000000238418579, 0.6254717111587524, 0.6146226525306702], "val_loss": [1.402352213859558, 1.024341344833374, 1.0381261110305786, 1.178685188293457, 1.3878992795944214, 1.4222759008407593, 1.595765233039856, 1.8272528648376465, 1.7107471227645874, 1.8468308448791504, 1.8289204835891724, 2.0093963146209717, 1.9243520498275757, 2.1700189113616943]}